{
	"format_version": "1.8.0",
	"animations": {
		"animation.round": {
			"loop": true,
			"animation_length": 0.75,
			"bones": {
				"right_arm": {
					"relative_to": {
						"rotation": "entity"
					},
					"rotation": {
						"0.0": [-25, 0, 0],
						"0.0625": [-22.5, 0, 0],
						"0.125": [-20, 0, 0],
						"0.1875": [-17.5, 0, 0],
						"0.25": [-15, 0, 0],
						"0.3125": [-13.75, 0, 0],
						"0.375": [-12.5, 0, 0],
						"0.4375": [-16.25, 0, 0],
						"0.5": [-20, 0, 0],
						"0.5625": [-21, 0, 0],
						"0.625": [-22, 0, 0],
						"0.6875": [-23.5, 0, 0],
						"0.75": [-25, 0, 0]
					},
					"position": {
						"0.0": [0, 0, 0],
						"0.0625": [0, 0, -0.12],
						"0.125": [0, 0, -0.25],
						"0.1875": [0, 0, -0.12],
						"0.25": [0, 0, 0],
						"0.3125": [0, 0.25, -0.25],
						"0.375": [0, 0.5, -0.5],
						"0.4375": [0, 0.75, -0.75],
						"0.5": [0, 1, -1],
						"0.5625": [0, 0.68, -1],
						"0.625": [0, 0.35, -1],
						"0.6875": [0, 0.18, -0.5],
						"0.75": [0, 0, 0]
					}
				},
				"left_arm": {
					"rotation": [-22.32648, 2.86313, 6.93488]
				}
			}
		}
	}
}